{
    "V1": -6.38360696598729,
    "V2": 0.406520788916211,
    "V3": -10.62432635926752,
    "V4": 11.12894103737667,
    "V5": -7.272044369141897,
    "V6": -3.7070976401188265,
    "V7": 5.811341695994117,
    "V8": -7.116531574694607,
    "V9": -2.904479351618616,
    "V10": -4.501110307846812,
    "V11": -1.8839909608223295,
    "V12": -12.164794092149016,
    "V13": 0.12467154159718066,
    "V14": -3.5347625059692422,
    "V15": -0.3104958807644279,
    "V16": -3.7672115784340647,
    "V17": -10.909343516267075,
    "V18": -0.3214587915353173,
    "V19": -0.5594153432661687,
    "V20": 0.19376136973754843,
    "V21": 2.2035030665715607,
    "V22": -0.576734628831308,
    "V23": -3.123667385555686,
    "V24": -0.17260225080402125,
    "V25": -0.31337674947142924,
    "V26": -0.3538568256697922,
    "V27": 0.34077791634653387,
    "V28": 0.25286905789981906,
    "Time": 89732.71582103586,
    "Amount": 230.70243306979782
}