{
    "V1": -1.1071095399729076,
    "V2": 0.07689457852123621,
    "V3": -1.171181813557789,
    "V4": -0.4096823026227435,
    "V5": -0.7563875445874746,
    "V6": 0.7853990319466082,
    "V7": -1.456611794942893,
    "V8": -0.9933328390178972,
    "V9": -1.7960166018026746,
    "V10": -0.6759839513285841,
    "V11": 0.8910840667806552,
    "V12": 0.6894454675551335,
    "V13": 0.7152866860804667,
    "V14": -0.15717766566091107,
    "V15": -0.3216353312150405,
    "V16": 0.9770392120629261,
    "V17": 0.3602200656287771,
    "V18": 1.5065226702197794,
    "V19": -1.07293536020669,
    "V20": 0.6860034246588984,
    "V21": 0.9832199395922603,
    "V22": -1.4587746654102267,
    "V23": -1.0327641553989935,
    "V24": 0.0796863024795006,
    "V25": 0.2279886239627615,
    "V26": -0.3213464982751296,
    "V27": -0.32999166888503556,
    "V28": 0.25153581982762235,
    "Time": 118038.0102263154,
    "Amount": 171.48250373542356
}