{
    "Time": 62321.18694300103,
    "V1": -14.046913189483185,
    "V2": -0.1590930007594964,
    "V3": -3.363137917853081,
    "V4": 5.233989970512505,
    "V5": -11.624286243901242,
    "V6": -1.6576796211523226,
    "V7": -5.266049704913926,
    "V8": 4.3391539081991874,
    "V9": -6.711836871993785,
    "V10": -5.1056950150630005,
    "V11": 2.901261954511185,
    "V12": 4.058556063223714,
    "V13": 0.00587099399017871,
    "V14": -7.602795618421962,
    "V15": 1.0975771418729552,
    "V16": -5.555285956236605,
    "V17": -15.867094731252735,
    "V18": 0.7568778123381541,
    "V19": -1.021731816825403,
    "V20": -2.464792395866772,
    "V21": 0.6380462789817047,
    "V22": -2.289298548457206,
    "V23": 0.3910990394589493,
    "V24": -0.27924377064867745,
    "V25": 0.9117251440701397,
    "V26": 0.1514125784263131,
    "V27": 0.6940567350694896,
    "V28": 0.29818073854830396,
    "Amount": 7.073734439609855
}