{
    "Time": 87801.76707943241,
    "V1": -1.008054681661054,
    "V2": -0.15321808017662045,
    "V3": 1.1185119707383164,
    "V4": -1.2073431972954138,
    "V5": 1.0958561236457691,
    "V6": -0.7213857384676672,
    "V7": -2.107984434851216,
    "V8": 0.18898773451758566,
    "V9": 0.7647457031692553,
    "V10": -0.7924392079626268,
    "V11": -0.2956290914394121,
    "V12": -0.5172129054618793,
    "V13": -1.1332580781079935,
    "V14": 0.3153510084847504,
    "V15": -1.4096728525890758,
    "V16": 0.2962278037256913,
    "V17": 0.5722794768493249,
    "V18": -0.5438010747652059,
    "V19": 0.05953221594524086,
    "V20": -0.8992399481870149,
    "V21": -0.11561498922736214,
    "V22": 0.38910545647294975,
    "V23": -1.2944936635638113,
    "V24": -0.3804636455793336,
    "V25": -0.4806586698977559,
    "V26": 0.2357455746218126,
    "V27": -0.3325473949965868,
    "V28": -0.06205743647502732,
    "Amount": 176.75601646962986
}