{
    "Time": 57973.82812486645,
    "V1": -2.2564822290212105,
    "V2": 0.5850918607120239,
    "V3": -0.00804588268467209,
    "V4": 0.1923025958729779,
    "V5": 0.9592630348338731,
    "V6": -0.40293220617932235,
    "V7": 1.616312148820357,
    "V8": 2.174845370840118,
    "V9": 0.8630034870634572,
    "V10": 0.7063258980171734,
    "V11": 2.470633053076897,
    "V12": -0.7365403738151397,
    "V13": 0.07801802505747096,
    "V14": 0.32373291335539783,
    "V15": 0.47629036826423077,
    "V16": 0.49614052589575786,
    "V17": -0.1288684918692873,
    "V18": 0.48954252269394405,
    "V19": -0.32957675223240146,
    "V20": -0.4915342325248517,
    "V21": 0.49392282630186507,
    "V22": 0.9092623661051443,
    "V23": -1.6149526086122274,
    "V24": 0.24559114412014596,
    "V25": 0.15095142244943313,
    "V26": -0.31253966969648445,
    "V27": -0.21586601901498065,
    "V28": 0.3689962039431383,
    "Amount": 603.7958812419677
}